{"lastUpdate":"2022-01-14T01:53:14.019972206Z","objectsCount":17,"objectsTotalSize":49456386,"objectsReplicationInfo":null,"bucketsCount":3,"bucketsUsageInfo":{"curated":{"size":1074035,"objectsPendingReplicationTotalSize":0,"objectsFailedReplicationTotalSize":0,"objectsReplicatedTotalSize":0,"objectsPendingReplicationCount":0,"objectsFailedReplicationCount":0,"objectsCount":3,"objectsSizesHistogram":{"BETWEEN_1024_B_AND_1_MB":3,"BETWEEN_10_MB_AND_64_MB":0,"BETWEEN_128_MB_AND_512_MB":0,"BETWEEN_1_MB_AND_10_MB":0,"BETWEEN_64_MB_AND_128_MB":0,"GREATER_THAN_512_MB":0,"LESS_THAN_1024_B":0},"objectReplicaTotalSize":0,"objectsReplicationInfo":null},"landing":{"size":48236470,"objectsPendingReplicationTotalSize":0,"objectsFailedReplicationTotalSize":0,"objectsReplicatedTotalSize":0,"objectsPendingReplicationCount":0,"objectsFailedReplicationCount":0,"objectsCount":7,"objectsSizesHistogram":{"BETWEEN_1024_B_AND_1_MB":1,"BETWEEN_10_MB_AND_64_MB":0,"BETWEEN_128_MB_AND_512_MB":0,"BETWEEN_1_MB_AND_10_MB":6,"BETWEEN_64_MB_AND_128_MB":0,"GREATER_THAN_512_MB":0,"LESS_THAN_1024_B":0},"objectReplicaTotalSize":0,"objectsReplicationInfo":null},"processing":{"size":145881,"objectsPendingReplicationTotalSize":0,"objectsFailedReplicationTotalSize":0,"objectsReplicatedTotalSize":0,"objectsPendingReplicationCount":0,"objectsFailedReplicationCount":0,"objectsCount":7,"objectsSizesHistogram":{"BETWEEN_1024_B_AND_1_MB":7,"BETWEEN_10_MB_AND_64_MB":0,"BETWEEN_128_MB_AND_512_MB":0,"BETWEEN_1_MB_AND_10_MB":0,"BETWEEN_64_MB_AND_128_MB":0,"GREATER_THAN_512_MB":0,"LESS_THAN_1024_B":0},"objectReplicaTotalSize":0,"objectsReplicationInfo":null}},"bucketsSizes":null}